City,datemon,PM2.5,NO,NO2,CO,SO2,O3,AQI,AQI Bucket
Ahmedabad,01-01-2018,88.85129032,33.07419355,141.6467742,33.07419355,109.3958065,51.06516129,692.1666667,Severe
Ahmedabad,01-02-2018,102.1985185,57.09,155.7318519,57.09,120.8388462,42.12148148,932,Severe
Ahmedabad,01-03-2018,97.91612903,34.50903226,114.6964516,34.50903226,92.53935484,48.05793103,781.2258065,Severe
Ahmedabad,01-04-2018,81.73166667,22.61866667,61.71266667,22.61866667,51.413,43.90034483,556.2666667,Severe
Ahmedabad,01-05-2018,53.55193548,12.28354839,33.37612903,12.28354839,68.9816129,32.9816,322.8965517,Very Poor
Ahmedabad,01-06-2018,56.821,29.23366667,45.74566667,29.23366667,42.26566667,14.21111111,430.5,Severe
Ahmedabad,01-07-2018,57.57096774,27.68193548,59.73774194,27.68193548,25.77645161,2.595909091,453.8064516,Severe
Ahmedabad,01-08-2018,42.00709677,27.52419355,54.64129032,27.52419355,79.06354839,12.64695652,465.516129,Severe
Ahmedabad,01-09-2018,26.29896552,31.00689655,84.94758621,31.00689655,60.64896552,37.415,557.6296296,Severe
Ahmedabad,01-10-2018,96.21129032,37.89967742,99.91516129,37.89967742,77.75870968,57.78133333,681.3870968,Severe
Ahmedabad,01-11-2018,102.1503333,54.11833333,92.47666667,54.11833333,60.95833333,53.48192308,955.3666667,Severe
Ahmedabad,01-12-2018,91.92064516,35.02645161,81.98709677,35.02645161,55.28354839,53.58966667,665.3870968,Severe
Ahmedabad,01-01-2019,89.45645161,42.16,82.76129032,42.16,63.51322581,52.981,755.516129,Severe
Ahmedabad,01-02-2019,61.61928571,25.73821429,72.19178571,25.73821429,51.02714286,44.67428571,560.5357143,Severe
Ahmedabad,01-03-2019,66.98903226,27.01322581,74.67258065,27.01322581,46.61870968,47.58387097,601.7419355,Severe
Ahmedabad,01-04-2019,96.88964286,27.55428571,70.70321429,27.55428571,33.95214286,42.68357143,633.5185185,Severe
Ahmedabad,01-05-2019,52.94107143,17.85444444,80.0137037,17.85444444,100.3467857,38.70703704,412.7692308,Severe
Ahmedabad,01-06-2019,43.34966667,20.63366667,133.567,20.63366667,65.47066667,62.53833333,395.1333333,Very Poor
Ahmedabad,01-07-2019,43.72032258,30.01903226,111.6670968,30.01903226,72.27032258,45.99870968,480.5333333,Severe
Ahmedabad,01-08-2019,43.46064516,33.01129032,48.18064516,33.01129032,43.27548387,42.87935484,516.8709677,Severe
Ahmedabad,01-09-2019,44.06689655,25.37666667,82.59666667,25.37666667,69.24433333,44.091,466.1481481,Severe
Ahmedabad,01-10-2019,78.06516129,31.05870968,153.1967742,31.05870968,130.3786207,73.00129032,621.3333333,Severe
Ahmedabad,01-11-2019,61.80366667,20.11866667,141.9106667,20.11866667,150.0603704,33.66066667,451,Severe
Ahmedabad,01-12-2019,63.70806452,11.70290323,39.13322581,11.70290323,57.48451613,28.8983871,293.5483871,Poor
Ahmedabad,01-01-2020,54.2116129,15.88903226,19.58967742,15.88903226,51.15451613,26.43709677,294.1111111,Poor
Ahmedabad,01-02-2020,73.89068966,26.83551724,62.71482759,26.83551724,56.18517241,49.19357143,547.6896552,Severe
Ahmedabad,01-03-2020,45.25580645,8.305483871,33.91741935,8.305483871,43.71064516,43.05464286,277.4666667,Poor
Ahmedabad,01-04-2020,31.05566667,3.783333333,23.09066667,1.574666667,25.33266667,46.28633333,120.7333333,Moderate
Ahmedabad,01-05-2020,26.30451613,3.427419355,19.28709677,0.584516129,19.48,55.63322581,128.6774194,Moderate
Ahmedabad,01-06-2020,30.25241379,6.355666667,29.51366667,0.691333333,14.35517241,43.136,97.35714286,Satisfactory
Ahmedabad,01-07-2020,37.63,4.42,35.04,0.28,14.4,9.69,119,Moderate
Aizawl,01-03-2020,38.94380952,4.083809524,0.82047619,0.458571429,5.827142857,6.075238095,65.35,Satisfactory
Aizawl,01-04-2020,20.97466667,8.028,0.29,0.293333333,6.852666667,5.241428571,39.23333333,Good
Aizawl,01-05-2020,11.48967742,11.72967742,0.356129032,0.27516129,9.341935484,1.660333333,24.19354839,Good
Aizawl,01-06-2020,3.346428571,12.04833333,0.228666667,0.169,7.136666667,2.419166667,20.86206897,Good
Aizawl,01-07-2020,4.49,11.44,0.07,0.02,2.07,3.39,20,Good
Amaravati,01-01-2018,78.15064516,5.453225806,41.51903226,0.069354839,14.83935484,68.87419355,172.4516129,Moderate
Amaravati,01-02-2018,47.21785714,5.476428571,23.40392857,0.619230769,11.02571429,28.92357143,107.0357143,Moderate
Amaravati,01-03-2018,37.59870968,6.042258065,16.00709677,0.706774194,10.76935484,22.07645161,80.1,Satisfactory
Amaravati,01-04-2018,17.62933333,3.825666667,7.253333333,0.618928571,7.977142857,19.75066667,54,Satisfactory
Amaravati,01-05-2018,22.24206897,3.666206897,10.85241379,0.56125,8.7125,52.64758621,95.28571429,Satisfactory
Amaravati,01-06-2018,21.918,3.709,11.77,0.624666667,6.711,61.01866667,90.03333333,Satisfactory
Amaravati,01-07-2018,16.35935484,4.874193548,12.28064516,0.454193548,8.125483871,36.16419355,65.53333333,Satisfactory
Amaravati,01-08-2018,15.3483871,4.682903226,14.20322581,0.842580645,9.477741935,22.95451613,69.57142857,Satisfactory
Amaravati,01-09-2018,27.03481481,7.022142857,21.23607143,1.088214286,12.23,31.83928571,80.80769231,Satisfactory
Amaravati,01-10-2018,45.04962963,7.413333333,28.66222222,1.006296296,16.93333333,37.21074074,107.3333333,Moderate
Amaravati,01-11-2018,47.35,10.62766667,59.91933333,1.070333333,17.67766667,33.618,112.3157895,Moderate
Amaravati,01-12-2018,76.06419355,5.728064516,68.00580645,1.07516129,20.3,28.13548387,172.1851852,Moderate
Amaravati,01-01-2019,93.1683871,9.878709677,74.47290323,0.930645161,19.84129032,25.00225806,218.6129032,Poor
Amaravati,01-02-2019,52.19392857,9.507857143,31.63107143,0.76,12.095,34.68607143,114.4642857,Moderate
Amaravati,01-03-2019,26.74935484,3.789677419,11.86870968,0.526451613,11.0083871,29.61225806,79.96774194,Satisfactory
Amaravati,01-04-2019,20.33033333,2.376666667,11.79433333,0.534333333,13.928,29.68666667,78.13333333,Satisfactory
Amaravati,01-05-2019,38.65129032,1.597096774,21.33483871,0.62483871,19.76258065,48.53677419,106.7777778,Moderate
Amaravati,01-06-2019,21.019,2.504333333,25.21933333,0.496,17.086,41.731,66.33333333,Satisfactory
Amaravati,01-07-2019,12.89064516,4.266774194,15.8816129,0.449354839,16.26709677,27.79451613,49.65517241,Good
Amaravati,01-08-2019,12.9665,3.914,8.9245,0.4775,15.027,26.822,47.33333333,Good
Amaravati,01-09-2019,14.93365,3.939,10.33485,0.54255,14.0387,28.2702,51.04166667,Satisfactory
Amaravati,01-10-2019,16.9008,3.964,11.7452,0.6076,13.0504,29.7184,54.75,Satisfactory
Amaravati,01-11-2019,59.328,3.252,16.43033333,0.811,15.561,48.57133333,117.8,Moderate
Amaravati,01-12-2019,60.54774194,2.844516129,16.78322581,0.74483871,15.33096774,47.56096774,116.5806452,Moderate
Amaravati,01-01-2020,47.41645161,2.341612903,14.06967742,0.665483871,17.88709677,42.61258065,88.03225806,Satisfactory
Amaravati,01-02-2020,34.74241379,2.482413793,13.78931034,0.560689655,19.13655172,41.72275862,67.10344828,Satisfactory
Amaravati,01-03-2020,22.5883871,2.00516129,7.018709677,0.511935484,20.67,32.23677419,52.5483871,Satisfactory
Amaravati,01-04-2020,17.54466667,1.404,4.798,0.013888889,17.27565217,28.08566667,44.4,Good
Amaravati,01-05-2020,21.62428571,1.62,6.875806452,0.513,9.79516129,30.30903226,59.09677419,Satisfactory
Amaravati,01-06-2020,12.15566667,2.244333333,10.36666667,0.538333333,13.64966667,33.75266667,47.86666667,Good
Amaravati,01-07-2020,22,1.5,9.68,0.59,10.88,29.15,54,Satisfactory
Amritsar,01-01-2018,77.35304348,19.21478261,66.37217391,1.278695652,3.907391304,18.97695652,172.6521739,Moderate
Amritsar,01-02-2018,49.35333333,25.62,32.83851852,0.666666667,3.765555556,15.58888889,129.6296296,Moderate
Amritsar,01-03-2018,42.44733333,13.9637037,9.822666667,0.787096774,3.782903226,27.87333333,105.1363636,Moderate
Amritsar,01-04-2018,44.014,13.25885185,18.999,0.719333333,5.031666667,34.106,110.76,Moderate
Amritsar,01-05-2018,68.65677419,12.554,8.931290323,0.744516129,6.043548387,40.33866667,148.3225806,Moderate
Amritsar,01-06-2018,63.39586207,16.01931034,18.61241379,1.537272727,7.28862069,32.79666667,213,Poor
Amritsar,01-07-2018,31.5837037,10.88451613,9.225806452,0.260909091,5.495483871,32.26290323,68.22222222,Satisfactory
Amritsar,01-08-2018,19.92,12.5362069,10.3562069,0.175,6.887241379,32.52482759,60.2173913,Satisfactory
Amritsar,01-09-2018,35,13.20433333,10.16333333,0.002666667,3.642666667,20.72166667,56.46428571,Satisfactory
Amritsar,01-10-2018,50.07818182,20.58967742,21.52709677,0.00516129,5.976451613,20.59967742,127.2903226,Moderate
Amritsar,01-11-2018,58.74366667,25.43733333,33.126,0.078333333,5.977894737,18.173,141.0357143,Moderate
Amritsar,01-12-2018,62.10806452,29.85935484,33.38322581,0.009032258,4.083684211,13.87354839,129.3548387,Moderate
Amritsar,01-01-2019,41.53806452,22.11516129,25.48548387,0.010322581,2.932307692,6.630967742,94.63333333,Satisfactory
Amritsar,01-02-2019,46.60464286,13.885,16.23607143,0.062857143,5.728,15.74535714,94.89285714,Satisfactory
Amritsar,01-03-2019,51.21612903,13.94516129,15.26612903,0.568064516,2.35,26.22193548,99.73333333,Satisfactory
Amritsar,01-04-2019,51.79233333,21.46533333,27.166,0.806666667,13.87483333,25.05533333,112,Moderate
Amritsar,01-05-2019,50.4983871,31.19967742,26.43935484,0.928709677,25.39966667,25.99548387,113.2580645,Moderate
Amritsar,01-06-2019,41.405,17.61466667,10.758,0.703,15.001,26.16733333,106,Moderate
Amritsar,01-07-2019,34.60903226,17.53064516,13.20677419,0.377419355,8.851935484,19.9416129,73.70967742,Satisfactory
Amritsar,01-08-2019,29.26366667,11.91133333,9.64,0.407666667,6.906,16.79133333,57.9,Satisfactory
Amritsar,01-09-2019,36.398,14.38433333,10.95866667,0.828333333,13.21633333,20.977,79.83333333,Satisfactory
Amritsar,01-10-2019,71.28967742,14.32419355,11.7283871,0.438709677,11.50677419,23.70666667,149.1612903,Moderate
Amritsar,01-11-2019,84.43866667,15.64733333,10.848,0.589,12.89166667,14.88066667,192.7666667,Moderate
Amritsar,01-12-2019,68.47580645,11.27870968,11.95645161,0.630322581,8.779354839,27.56645161,137.9354839,Moderate
Amritsar,01-01-2020,51.18096774,9.730967742,10.13741935,0.618387097,9.792258065,29.32961538,104.8064516,Moderate
Amritsar,01-02-2020,56.10777778,20.52111111,15.91592593,0.675555556,9.785555556,37.14619048,128.7407407,Moderate
Amritsar,01-03-2020,27.84935484,17.9216129,11.57129032,0.735806452,11.51516129,29.79225806,83.73333333,Satisfactory
Amritsar,01-04-2020,18.5252,21.0164,14.592,0.7276,8.484,34.5508,58.70833333,Satisfactory
Amritsar,01-05-2020,33.9116129,21.16548387,15.43096774,0.711290323,12.69935484,35.22225806,77.67741935,Satisfactory
Amritsar,01-06-2020,34.46766667,22.964,17.474,0.673,9.338666667,24.87111111,101.5333333,Moderate
Amritsar,01-07-2020,57.67,32.81,15.11,0.59,3.48,16.48,78,Satisfactory
Bengaluru,01-01-2018,38.33935484,6.68483871,39.99548387,1.040645161,4.390322581,57.21258065,97.58064516,Satisfactory
Bengaluru,01-02-2018,29.88642857,5.7075,30.14821429,1,4.060357143,39.98892857,81,Satisfactory
Bengaluru,01-03-2018,34.58692308,6.384333333,30.81166667,1.080322581,3.697,40.22576923,92.96551724,Satisfactory
Bengaluru,01-04-2018,48.206875,5.425666667,27.87233333,0.899666667,3.857,54.88666667,85.71428571,Satisfactory
Bengaluru,01-05-2018,45.09354839,7.248387097,30.58967742,0.909354839,5.10516129,36.55806452,92.29032258,Satisfactory
Bengaluru,01-06-2018,25.46233333,9.749666667,19.12666667,1.005333333,4.87,16.132,66.93333333,Satisfactory
Bengaluru,01-07-2018,19.72774194,13.6283871,17.72258065,0.831935484,7.276129032,16.10967742,61.77419355,Satisfactory
Bengaluru,01-08-2018,19.11935484,19.73451613,17.90193548,0.814516129,6.666774194,13.05935484,62.83870968,Satisfactory
Bengaluru,01-09-2018,25.09833333,16.78166667,29.45266667,0.865,7.407666667,20.579,76.16666667,Satisfactory
Bengaluru,01-10-2018,36.83354839,16.70290323,33.36806452,0.889354839,6.736774194,23.5016129,94.70967742,Satisfactory
Bengaluru,01-11-2018,45.17466667,14.61833333,31.51966667,1.056666667,6.057666667,28.438,104.2,Moderate
Bengaluru,01-12-2018,56.34870968,14.55741935,34.2783871,0.961935484,6.072258065,52.90612903,119,Moderate
Bengaluru,01-01-2019,54.72451613,12.02548387,40.26225806,0.959032258,5.853225806,56.9483871,116.8064516,Moderate
Bengaluru,01-02-2019,45.54428571,13.05964286,35.75678571,0.927857143,4.931428571,55.42142857,106.25,Moderate
Bengaluru,01-03-2019,48.90516129,10.3616129,33.67580645,0.948709677,5.929677419,56.36580645,122.1290323,Moderate
Bengaluru,01-04-2019,49.26733333,9.090333333,33.029,1.016,5.292666667,53.45333333,124.3,Moderate
Bengaluru,01-05-2019,40.1683871,8.702258065,27.07387097,0.942258065,4.347741935,51.27483871,105.3870968,Moderate
Bengaluru,01-06-2019,23.31933333,6.847333333,21.201,0.74,5.342666667,36.914,70.53333333,Satisfactory
Bengaluru,01-07-2019,21.32741935,6.359354839,21.53967742,0.739354839,5.196451613,27.80967742,63.74193548,Satisfactory
Bengaluru,01-08-2019,17.16709677,8.793548387,20.62032258,0.758064516,4.34483871,19.41129032,59.35483871,Satisfactory
Bengaluru,01-09-2019,22.51233333,8.096333333,20.83466667,0.848666667,5.229333333,27.19766667,72.96666667,Satisfactory
Bengaluru,01-10-2019,27.41741935,12.79967742,28.24322581,0.875483871,4.99483871,28.93129032,81.12903226,Satisfactory
Bengaluru,01-11-2019,40.26,13.785,30.549,1.073666667,6.106666667,36.55166667,96.2,Satisfactory
Bengaluru,01-12-2019,35.25870968,9.495483871,28.19129032,0.996774194,6.622258065,35.06032258,81.77419355,Satisfactory
Bengaluru,01-01-2020,39.31322581,8.653225806,34.30129032,1.096451613,7.580322581,39.27774194,95.32258065,Satisfactory
Bengaluru,01-02-2020,41.60724138,6.977241379,32.09586207,1.066551724,7.236896552,40.92965517,96.48275862,Satisfactory
Bengaluru,01-03-2020,38.19322581,4.790967742,21.36419355,0.943225806,6.867096774,44.94548387,90.74193548,Satisfactory
Bengaluru,01-04-2020,24.93166667,2.886666667,11.981,0.724,5.991,40.51733333,68.53333333,Satisfactory
Bengaluru,01-05-2020,21.26967742,3.706774194,15.38903226,0.78,6.478064516,32.43580645,73.16129032,Satisfactory
Bengaluru,01-06-2020,18.03533333,4.894,13.73033333,0.628333333,7.101666667,16.24466667,55.16666667,Satisfactory
Bengaluru,01-07-2020,17.5,3.95,13.25,0.54,6.66,15.4,43,Good
Bhopal,01-09-2019,14.83357143,12.11142857,26.39428571,1.044285714,7.64,32.40928571,73.84615385,Satisfactory
Bhopal,01-10-2019,51.97193548,11.61645161,39.51612903,1.10516129,10.57645161,56.84967742,135.3225806,Moderate
Bhopal,01-11-2019,89.591,13.51833333,50.52566667,1.38,17.68066667,68.12766667,205.6,Poor
Bhopal,01-12-2019,84.71129032,7.29516129,52.68096774,1.117741935,11.70419355,58.02354839,185.516129,Moderate
Bhopal,01-01-2020,72.61548387,10.25709677,42.71483871,1.066129032,11.57129032,45.48387097,160.516129,Moderate
Bhopal,01-02-2020,51.25034483,7.62862069,41.47551724,0.956551724,19.88275862,64.94482759,128.6206897,Moderate
Bhopal,01-03-2020,32.75785714,3.085357143,23.20392857,0.643928571,12.47178571,68.12071429,109.7142857,Moderate
Bhopal,01-04-2020,43.54291667,3.43625,11.12291667,0.600416667,13.39791667,66.62541667,113.7826087,Moderate
Bhopal,01-05-2020,21.84612903,1.214193548,8.639677419,0.382580645,11.2383871,75.3516129,104.4516129,Moderate
Bhopal,01-06-2020,16.44266667,2.075,10.55766667,0.538,12.10533333,50.50666667,71.66666667,Satisfactory
Bhopal,01-07-2020,14,1.1,5.12,0.35,12.45,48.77,69,Satisfactory
Brajrajnagar,01-01-2018,55.45333333,0.025,0.03,4.02,0.9,0.01,147.1851852,Moderate
Brajrajnagar,01-02-2018,96.90666667,17.32777778,26.35925926,4.107407407,11.98444444,14.19259259,225.3703704,Poor
Brajrajnagar,01-03-2018,122.6622581,16.40516129,29.33967742,4.251612903,16.80483871,16.12451613,269.3548387,Poor
Brajrajnagar,01-04-2018,62.472,10.27266667,18.929,3.539333333,13.91866667,20.21266667,144.6896552,Moderate
Brajrajnagar,01-05-2018,54.34580645,5.219032258,16.35354839,3.120645161,12.81870968,25.63806452,123.7096774,Moderate
Brajrajnagar,01-06-2018,46.12148148,4.532222222,11.72296296,2.556666667,12.49962963,14.25259259,116.9230769,Moderate
Brajrajnagar,01-07-2018,31.85064516,5.483225806,9.377419355,1.458387097,12.56741935,7.666451613,88.38709677,Satisfactory
Brajrajnagar,01-08-2018,36.33366667,7.345666667,7.989666667,0.076,12.56466667,5.142666667,73.73333333,Satisfactory
Brajrajnagar,01-09-2018,32.99058333,11.10483333,12.36383333,0.252333333,12.74633333,7.019666667,93.68809524,Satisfactory
Brajrajnagar,01-10-2018,29.6475,14.864,16.738,0.428666667,12.928,8.896666667,113.6428571,Moderate
Brajrajnagar,01-11-2018,88.046,21.13266667,22.614,0.674666667,13.402,9.242,190.3333333,Moderate
Brajrajnagar,01-12-2018,92.86222222,21.67740741,20.62333333,1.718148148,13.93074074,6.876296296,207.5,Poor
Brajrajnagar,01-01-2019,111.3683871,21.16548387,25.94612903,3.078709677,15.99451613,7.730322581,259.9677419,Poor
Brajrajnagar,01-02-2019,91.51464286,20.505,23.49285714,3.238928571,16.24642857,9.479642857,208.2592593,Poor
Brajrajnagar,01-03-2019,84.69322581,17.07709677,20.14096774,2.891290323,7.083870968,11.07935484,186.8709677,Moderate
Brajrajnagar,01-04-2019,81.32764706,21.37,21.78888889,2.172,8.109444444,14.78833333,190.5625,Moderate
Brajrajnagar,01-05-2019,53.88033333,16.30684211,18.73368421,1.217096774,6.706842105,19.50833333,130.4642857,Moderate
Brajrajnagar,01-06-2019,31.37827586,8.092413793,14.82586207,1.701333333,5.561034483,19.95034483,102.7692308,Moderate
Brajrajnagar,01-07-2019,20.58225806,5.443,11.51966667,1.531935484,2.333333333,8.365333333,92.71428571,Satisfactory
Brajrajnagar,01-08-2019,24.65357143,7.496896552,9.280689655,1.701,4.68137931,5.402068966,100.5263158,Moderate
Brajrajnagar,01-09-2019,23.87133333,6.035714286,9.241428571,1.605,9.946071429,4.848214286,94.96666667,Satisfactory
Brajrajnagar,01-10-2019,38.4,7.546296296,9.42962963,1.79862069,8.744074074,5.082592593,102.962963,Moderate
Brajrajnagar,01-11-2019,73.29,17.03724138,12.20448276,0.907,12.83482759,6.420689655,157.6071429,Moderate
Brajrajnagar,01-12-2019,67.85483871,23.355,18.3775,0.740645161,9.065,16.45464286,141.5483871,Moderate
Brajrajnagar,01-01-2020,73.45178571,24.59413793,18.31655172,1.043548387,4.855517241,29.47517241,155.5185185,Moderate
Brajrajnagar,01-02-2020,68.16517241,15.8125,20.685,0.189655172,5.617142857,32.22535714,136.3703704,Moderate
Brajrajnagar,01-03-2020,64.35166667,16.67588235,10.93235294,0.182608696,4.274761905,48.00333333,124.1,Moderate
Brajrajnagar,01-04-2020,63.08533333,216.71,15,0.343333333,4.695666667,62.46333333,137.9230769,Moderate
Brajrajnagar,01-05-2020,57.27473684,244.7957143,20.844,0.454210526,7.19,60.97111111,129.1333333,Moderate
Brajrajnagar,01-06-2020,77.56,36.66777778,4.637777778,0.558421053,8.087777778,33.83352941,117.3333333,Moderate
Brajrajnagar,01-07-2020,52.09357143,23.48975096,4.537854406,0.607486388,9.135268199,30.82986815,101.2466667,Moderate
Chandigarh,01-09-2019,26.62714286,10.31172414,4.437931034,0.656551724,10.18275862,27.8262069,85.16,Satisfactory
Chandigarh,01-10-2019,65.58258065,15.09774194,7.274193548,0.749032258,11.81677419,18.38096774,140.2258065,Moderate
Chandigarh,01-11-2019,76.36433333,15.21576923,17.33807692,0.821,10.322,11.11833333,168.4666667,Moderate
Chandigarh,01-12-2019,68.43193548,20.23,13.69870968,0.773225806,8.015483871,8.600645161,139.6451613,Moderate
Chandigarh,01-01-2020,45.3616129,18.60419355,13.24870968,0.742903226,7.618709677,9.646451613,94.06451613,Satisfactory
Chandigarh,01-02-2020,42.32206897,12.24586207,17.23034483,0.71,9.09862069,12.79689655,93.37931034,Satisfactory
Chandigarh,01-03-2020,19.63612903,7.208387097,13.36354839,0.538387097,9.931935484,13.58096774,55.41935484,Satisfactory
Chandigarh,01-04-2020,14.34933333,2.192666667,11.61333333,0.497333333,10.72166667,24.11366667,44.5862069,Good
Chandigarh,01-05-2020,21.16193548,2.757096774,9.688064516,0.533870968,12.22,35.56032258,74.12903226,Satisfactory
Chandigarh,01-06-2020,23.56033333,1.783,9.013666667,0.298666667,11.51266667,38.87133333,66.5,Satisfactory
Chandigarh,01-07-2020,32.9,0.56,9.87,0.33,14.91,34.33,66,Satisfactory
Chennai,01-01-2018,75.99,11.11967742,18.05580645,0.607096774,15.76451613,39.85064516,153.7096774,Moderate
Chennai,01-02-2018,57.04142857,11.08,17.39785714,0.846428571,8.715357143,31.24464286,116.1428571,Moderate
Chennai,01-03-2018,52.09709677,10.11387097,16.42225806,0.936451613,8.403225806,28.42935484,108.7419355,Moderate
Chennai,01-04-2018,33.74166667,16.17666667,22.71366667,0.824,7.237,33.10833333,69.16666667,Satisfactory
Chennai,01-05-2018,39.20483871,15.83903226,33.69548387,0.950645161,6.620967742,35.06258065,82.80645161,Satisfactory
Chennai,01-06-2018,53.56666667,10.041,22.54733333,0.804666667,5.719666667,30.6,96.86666667,Satisfactory
Chennai,01-07-2018,51.47193548,9.141290323,21.0583871,0.813225806,6.649032258,19.48064516,93.32258065,Satisfactory
Chennai,01-08-2018,43.24064516,9.903225806,19.51193548,0.812258065,9.866451613,13.13870968,86.48387097,Satisfactory
Chennai,01-09-2018,47.00466667,10.84,16.739,0.855,8.032,28.61,96.46666667,Satisfactory
Chennai,01-10-2018,49.96129032,11.77290323,17.43548387,0.956129032,10.20451613,23.03580645,104.0322581,Moderate
Chennai,01-11-2018,55.97633333,11.03566667,17.84433333,1.014333333,9.775,26.28766667,118.8333333,Moderate
Chennai,01-12-2018,66.30064516,10.07967742,16.93516129,1.022903226,10.64645161,32.06290323,139.0322581,Moderate
Chennai,01-01-2019,62.08967742,6.41,12.72032258,0.933548387,14.78774194,41.06096774,131,Moderate
Chennai,01-02-2019,52.94785714,6.023214286,11.7,0.985357143,12.79785714,34.05892857,118.0714286,Moderate
Chennai,01-03-2019,51.38032258,15.62612903,19.56354839,0.787096774,9.267419355,25.98645161,101.4193548,Moderate
Chennai,01-04-2019,34.41,7.1,12.79233333,1.019,6.579333333,14.30433333,87.53333333,Satisfactory
Chennai,01-05-2019,44.65258065,10.46354839,17.33967742,1.050967742,6.292903226,31.72612903,103.6129032,Moderate
Chennai,01-06-2019,49.13466667,9.009333333,20.03566667,1.019666667,6.243,45.21966667,112.6666667,Moderate
Chennai,01-07-2019,41.28870968,7.856129032,18.87935484,0.872580645,5.55,29.15419355,88.70967742,Satisfactory
Chennai,01-08-2019,26.19064516,8.204193548,17.78516129,0.74516129,7.047419355,42.85935484,85.5483871,Satisfactory
Chennai,01-09-2019,28.72266667,5.898666667,13.00133333,0.868,6.386,49.06933333,103.6333333,Moderate
Chennai,01-10-2019,39.08612903,10.40774194,17.88870968,0.820967742,6.882903226,42.65387097,102.9032258,Moderate
Chennai,01-11-2019,54.87833333,9.331333333,14.879,0.659333333,7.232,37.33633333,121.9666667,Moderate
Chennai,01-12-2019,43.06903226,7.163225806,17.3283871,0.621935484,9.198387097,28.99580645,80.16129032,Satisfactory
Chennai,01-01-2020,44.22967742,8.737419355,15.76645161,0.84483871,14.27387097,29.70451613,87.51612903,Satisfactory
Chennai,01-02-2020,37.01344828,9.084137931,13.74758621,0.817586207,12.71275862,28.16655172,78.13793103,Satisfactory
Chennai,01-03-2020,31.87677419,8.435483871,9.533548387,0.700322581,7.83483871,31.81709677,70.29032258,Satisfactory
Chennai,01-04-2020,15.45333333,6.526333333,8.774666667,0.618666667,5.399666667,36.497,63.5,Satisfactory
Chennai,01-05-2020,18.89935484,6.445806452,7.926774194,0.856774194,5.096774194,46.67225806,78.67741935,Satisfactory
Chennai,01-06-2020,29.44866667,9.086666667,11.83766667,1.081333333,6.242,58.94033333,103.0666667,Moderate
Chennai,01-07-2020,15.95,6.22,10.72,1.02,9.23,48.37,92,Satisfactory
Coimbatore,01-06-2019,33.65578947,7.296315789,7.01,1.117894737,11.17157895,24.31578947,66.52941176,Satisfactory
Coimbatore,01-07-2019,30.99066667,10.84677419,13.68967742,1.220645161,9.828709677,20.10612903,67.5,Satisfactory
Coimbatore,01-08-2019,23.19793103,9.447096774,8.651935484,1.435806452,9.176451613,18.02193548,76.80769231,Satisfactory
Coimbatore,01-09-2019,22.167,8.474,8.163666667,1.589666667,9.143333333,18.398,87.72413793,Satisfactory
Coimbatore,01-10-2019,24.01096774,8.452258065,12.77483871,1.782580645,10.37580645,30.11096774,94.27586207,Satisfactory
Coimbatore,01-11-2019,35.85966667,10.82933333,25.03733333,0.604333333,12.23833333,34.731,71.17241379,Satisfactory
Coimbatore,01-12-2019,38.45032258,19.98129032,28.8236,0.706774194,5.50483871,34.93677419,70.7,Satisfactory
Coimbatore,01-01-2020,38.24645161,4.597419355,39.503,0.259677419,7.959677419,40.62548387,76.43333333,Satisfactory
Coimbatore,01-02-2020,39.79172414,0.595517241,34.97793103,0.605517241,10.73172414,53.64137931,83.96428571,Satisfactory
Coimbatore,01-03-2020,33.84793103,0.674333333,48.51633333,0.690333333,8.139666667,40.817,78.27272727,Satisfactory
Coimbatore,01-04-2020,23.33206897,0.883793103,63.79689655,0.702413793,6.444482759,26.00517241,84.82352941,Satisfactory
Coimbatore,01-05-2020,22.197,0.877777778,35.84965517,1.007,6.18,19.72,57.93103448,Satisfactory
Delhi,01-01-2018,189.7854839,38.32419355,51.84774194,1.6,16.00064516,57.42,349.7419355,Very Poor
Delhi,01-02-2018,137.8875,39.80535714,57.43964286,1.460357143,13.50678571,46.80392857,289.1785714,Poor
Delhi,01-03-2018,99.28580645,29.99290323,46.57870968,1.225806452,15.95774194,47.73870968,234.1290323,Poor
Delhi,01-04-2018,90.47166667,26.71633333,48.954,1.400333333,14.73466667,57.81733333,245.5333333,Poor
Delhi,01-05-2018,88.47548387,26.57677419,49.04129032,1.503225806,12.53967742,58.69806452,235.3225806,Poor
Delhi,01-06-2018,80.96233333,11.79466667,31.18566667,0.824333333,8.907333333,48.22066667,224.3666667,Poor
Delhi,01-07-2018,41.64193548,12.54516129,30.52903226,0.846774194,10.24225806,33.48612903,112.4193548,Moderate
Delhi,01-08-2018,41.03741935,16.89580645,26.3416129,0.887741935,10.10354839,28.04677419,122.0645161,Moderate
Delhi,01-09-2018,45.34733333,25.509,29.86233333,0.936666667,11.39,28.73833333,121.9333333,Moderate
Delhi,01-10-2018,134.3206452,60.26903226,55.53580645,1.81516129,17.27548387,46.09419355,290.4193548,Poor
Delhi,01-11-2018,202.3173333,64.00866667,60.38766667,2.068666667,16.796,41.79433333,367.0666667,Very Poor
Delhi,01-12-2018,229.5909677,85.25709677,64.05225806,2.308064516,16.15967742,37.81645161,400.3870968,Severe
Delhi,01-01-2019,204.3470968,60.29903226,60.67129032,1.904516129,16.77129032,33.86,365.7419355,Very Poor
Delhi,01-02-2019,122.3164286,36.67,47.77035714,1.348571429,15.8425,34.10321429,258.1785714,Poor
Delhi,01-03-2019,84.15096774,29.61032258,45.96032258,1.187096774,18.18322581,40.26258065,197.3548387,Moderate
Delhi,01-04-2019,82.311,29.015,48.454,1.338333333,21.64733333,52.13066667,219.4,Poor
Delhi,01-05-2019,89.74806452,31.95225806,51.66645161,1.372258065,19.66258065,53.00290323,235.8387097,Poor
Delhi,01-06-2019,63.84033333,19.79866667,38.506,1.141333333,13.42233333,55.48233333,197.7666667,Moderate
Delhi,01-07-2019,46.73354839,14.48677419,30.46290323,1.100645161,9.602258065,33.46451613,145.0967742,Moderate
Delhi,01-08-2019,34.11677419,17.79322581,30.38064516,1.085806452,8.796451613,27.6183871,99.29032258,Satisfactory
Delhi,01-09-2019,40.13266667,12.253,30.78433333,0.961,9.172,30.567,106.5333333,Moderate
Delhi,01-10-2019,123.6570968,39.92741935,47.94032258,1.549032258,12.07774194,42.79096774,251,Poor
Delhi,01-11-2019,205.3936667,43.44033333,54.722,1.695333333,13.10933333,34.24666667,356.1,Very Poor
Delhi,01-12-2019,205.2416129,49.7916129,55.48548387,1.761935484,10.30225806,29.83225806,353.9032258,Very Poor
Delhi,01-01-2020,157.1125806,47.91387097,47.60483871,1.570322581,11.36645161,26.30451613,308.4516129,Very Poor
Delhi,01-02-2020,121.4841379,39.05655172,48.89275862,1.295172414,14.94517241,37.45724138,262.137931,Poor
Delhi,01-03-2020,57.50645161,21.94967742,33.77935484,0.881290323,14,37.85935484,135.8387097,Moderate
Delhi,01-04-2020,44.94,9.71,21.00833333,0.780333333,15.49366667,46.18566667,113,Moderate
Delhi,01-05-2020,55.44870968,9.770322581,24.90387097,0.908387097,15.42516129,56.76806452,148.6451613,Moderate
Delhi,01-06-2020,46.69466667,8.458666667,23.72666667,0.915666667,12.402,39.616,125.7333333,Moderate
Delhi,01-07-2020,54.01,6.33,21.05,0.97,11.15,29.73,101,Moderate
Gurugram,01-01-2018,185.1906452,30.78645161,21.87354839,2.01483871,7.748,24.30935484,343.4516129,Very Poor
Gurugram,01-02-2018,136.1842105,37.39789474,26.16421053,0.936785714,8.245,37.58526316,299.6842105,Poor
Gurugram,01-03-2018,78.97806452,18.90387097,41.85870968,0.965483871,8.32,66.64612903,188.9032258,Moderate
Gurugram,01-04-2018,74.6224,29.92208333,26.42136364,1.268666667,23.4,19.32130435,192.9090909,Moderate
Gurugram,01-05-2018,108.4609677,14.06645161,24.5016129,0.371290323,1.763333333,28.33766667,216.7666667,Poor
Gurugram,01-06-2018,148.7483333,11.153,24.086,0.744666667,3.706,36.45466667,261.9333333,Poor
Gurugram,01-07-2018,55.31935484,8.60483871,24.02580645,0.697419355,5.70483871,26.08935484,105.0967742,Moderate
Gurugram,01-08-2018,67.27096774,13.35461538,22.45461538,0.568064516,5.868387097,18.43741935,131.2580645,Moderate
Gurugram,01-09-2018,69.29535714,25.18964286,22.51857143,0.443928571,6.681071429,18.45148148,139.6086957,Moderate
Gurugram,01-10-2018,156.4451613,44.37193548,43.96806452,1.043225806,9.495,40.69322581,306.6451613,Very Poor
Gurugram,01-11-2018,166.3446667,54.80233333,36.01433333,0.907,11.35133333,35.591,324.7,Very Poor
Gurugram,01-12-2018,149.6458065,73.27322581,49.54032258,0.772903226,13.09032258,27.5816129,291.1290323,Poor
Gurugram,01-01-2019,145.926129,44.29645161,35.35451613,1.653225806,13.47612903,33.83870968,291.4193548,Poor
Gurugram,01-02-2019,81.62321429,29.58071429,60.14714286,0.886428571,9.942222222,31.44,184.3928571,Moderate
Gurugram,01-03-2019,66.76516129,11.81935484,11.1816129,0.282580645,14.40032258,32.53419355,150.483871,Moderate
Gurugram,01-04-2019,88.243,22.19333333,14.04433333,0.541333333,5.011666667,36.06633333,213.6333333,Poor
Gurugram,01-05-2019,98.32032258,22.55096774,22.55096774,0.613225806,11.82,46.34677419,219.4516129,Poor
Gurugram,01-06-2019,82.25266667,16.41766667,33.16533333,0.428333333,8.378275862,77.59666667,200.7241379,Poor
Gurugram,01-07-2019,51.90774194,13.00645161,12.01935484,0.497419355,10.07709677,33.24903226,114.0967742,Moderate
Gurugram,01-08-2019,34.27645161,7.496451613,8.656129032,0.444193548,27.76266667,28.02225806,66.19354839,Satisfactory
Gurugram,01-09-2019,38.28033333,8.780333333,9.075,1.066666667,12.608,26.74833333,88.56666667,Satisfactory
Gurugram,01-10-2019,105.5903226,24.82612903,33.42612903,1.481290323,9.079677419,44.26741935,215.3548387,Poor
Gurugram,01-11-2019,181.9503333,23.819,47.48266667,1.188333333,17.89533333,32.972,311.0666667,Very Poor
Gurugram,01-12-2019,150.7687097,30.93032258,41.59096774,1.747741935,22.91967742,30.56,287.483871,Poor
Gurugram,01-01-2020,114.3187097,31.43290323,33.54322581,1.823225806,8.092903226,26.04935484,242.2258065,Poor
Gurugram,01-02-2020,88.82517241,23.83758621,24.28931034,1.797241379,8.918275862,39.99310345,197.137931,Moderate
Gurugram,01-03-2020,52.93709677,14.13903226,23.72225806,0.97483871,14.62806452,47.71709677,122.0322581,Moderate
Gurugram,01-04-2020,41.787,6.474333333,14.98166667,0.652,12.35066667,60.98933333,111.1666667,Moderate
Gurugram,01-05-2020,53.4016129,9.531290323,20.34903226,0.812580645,8.675483871,70.58225806,146.8064516,Moderate
Gurugram,01-06-2020,51.09066667,5.45,12.676,0.716666667,6.120666667,63.10033333,132.7333333,Moderate
Gurugram,01-07-2020,61.64,5.99,10.58,1.11,7.57,44.14,157,Moderate
Guwahati,01-02-2019,86.54384615,20.42583333,14.61083333,0.870833333,19.62583333,29.8625,168.5454545,Moderate
Guwahati,01-03-2019,97.9516129,24.68580645,18.65032258,0.981290323,22.00645161,37.90290323,223.2903226,Poor
Guwahati,01-04-2019,50.89366667,11.58966667,17.06833333,0.679333333,19.41833333,40.45166667,105.9333333,Moderate
Guwahati,01-05-2019,58.71806452,6.483548387,12.79774194,0.526774194,19.87774194,48.27322581,110.8965517,Moderate
Guwahati,01-06-2019,28.84133333,6.84,13.17266667,0.549,12.52433333,12.50933333,56.9,Satisfactory
Guwahati,01-07-2019,39.01387097,7.013225806,9.973870968,0.45483871,10.69387097,12.46903226,75.86206897,Satisfactory
Guwahati,01-08-2019,27.02967742,5.86483871,9.494193548,0.445483871,11.6516129,19.17,121,Moderate
Guwahati,01-09-2019,22.94866667,9.191,9.375,0.554666667,12.95266667,15.95666667,48.23333333,Good
Guwahati,01-10-2019,49.40806452,21.26483871,13.51967742,0.688064516,13.72225806,18.27677419,99.2,Satisfactory
Guwahati,01-11-2019,64.88,43.61566667,14.98166667,0.9,10.39633333,18.23633333,140.4,Moderate
Guwahati,01-12-2019,124.2432258,43.63677419,11.14645161,1.280322581,11.81354839,18.36870968,268.9032258,Poor
Guwahati,01-01-2020,144.24,54.58483871,13.56741935,1.548387097,13.03774194,18.69903226,291.6451613,Poor
Guwahati,01-02-2020,120.8941379,51.0262069,20.63827586,1.131034483,13.80551724,19.51862069,266.6206897,Poor
Guwahati,01-03-2020,84.95935484,25.41677419,23.73903226,0.597741935,14.13225806,20.44516129,193.8064516,Moderate
Guwahati,01-04-2020,54.861,4.516,9.801666667,0.49,16.096,38.671,127.8333333,Moderate
Guwahati,01-05-2020,23.47870968,3.161935484,10.65580645,0.439354839,14.73322581,33.90677419,52.74193548,Satisfactory
Guwahati,01-06-2020,19.55266667,2.941666667,8.521666667,0.449666667,15.71866667,26.22933333,42.3,Good
Guwahati,01-07-2020,40,0.55,6.59,0.61,16.07,21.32,36,Good
Hyderabad,01-01-2018,68.94258065,8.598064516,53.53322581,0.959677419,13.38774194,49.05,143.0967742,Moderate
Hyderabad,01-02-2018,50.58214286,10.55357143,51.73464286,0.857142857,11.14857143,42.78357143,112.3571429,Moderate
Hyderabad,01-03-2018,53.67096774,5.534193548,45.59032258,0.866129032,8.981290323,46.42774194,113.0645161,Moderate
Hyderabad,01-04-2018,38.26666667,5.683666667,37.66933333,0.698,6.956,43.41,96.26666667,Satisfactory
Hyderabad,01-05-2018,35.61774194,3.205483871,30.9783871,0.698709677,6.45,49.40903226,98.74193548,Satisfactory
Hyderabad,01-06-2018,23.07733333,3.303,24.05233333,0.516,7.052,28.23066667,65.6,Satisfactory
Hyderabad,01-07-2018,17.07419355,4.812580645,23.35451613,0.287096774,6.590322581,17.82709677,54.25806452,Satisfactory
Hyderabad,01-08-2018,17.59935484,6.161290323,24.07354839,0.299677419,7.220967742,14.16967742,54.09677419,Satisfactory
Hyderabad,01-09-2018,36.35066667,7.959,30.92066667,0.472333333,7.33,21.05933333,79.03333333,Satisfactory
Hyderabad,01-10-2018,54.57677419,7.289677419,42.16322581,0.55516129,9.481612903,27.75935484,110.0645161,Moderate
Hyderabad,01-11-2018,54.43833333,6.785,45.54766667,0.605333333,13.113,33.43733333,110.9666667,Moderate
Hyderabad,01-12-2018,67.40870968,5.549677419,41.53741935,0.661935484,9.914193548,34.85322581,133.3225806,Moderate
Hyderabad,01-01-2019,67.6183871,7.358387097,48.29806452,0.716774194,10.35741935,32.39516129,133.2903226,Moderate
Hyderabad,01-02-2019,55.47714286,4.664285714,43.21714286,0.604285714,7.83,31.82607143,113.25,Moderate
Hyderabad,01-03-2019,46.99903226,4.467096774,36.56612903,0.621290323,8.020645161,31.30258065,106.1612903,Moderate
Hyderabad,01-04-2019,36.82466667,4.064666667,32.82366667,0.596,6.318666667,42.39633333,94.8,Satisfactory
Hyderabad,01-05-2019,43.06709677,3.863225806,30.84225806,0.638387097,8.540645161,44.30322581,113.4193548,Moderate
Hyderabad,01-06-2019,23.173,2.184,18.22266667,0.407,5.074,34.81266667,64.66666667,Satisfactory
Hyderabad,01-07-2019,15.96870968,3.068064516,12.81709677,0.377419355,6.128064516,19.76322581,48.09677419,Good
Hyderabad,01-08-2019,17.43903226,4.735806452,19.24225806,0.389677419,8.451935484,16.72645161,57.25806452,Satisfactory
Hyderabad,01-09-2019,20.85366667,4.62,16.988,0.422333333,6.356666667,16.38433333,49.96666667,Good
Hyderabad,01-10-2019,38.41903226,5.702580645,24.07064516,0.599032258,4.146774194,19.91806452,78.51612903,Satisfactory
Hyderabad,01-11-2019,68.56333333,5.35,33.52466667,0.686666667,7.547666667,30.542,137.9666667,Moderate
Hyderabad,01-12-2019,65.04774194,10.3583871,40.17516129,0.780322581,6.513548387,27.88548387,131.3225806,Moderate
Hyderabad,01-01-2020,52.32258065,10.5716129,34.10935484,0.553225806,7.817096774,28.28387097,104.5483871,Moderate
Hyderabad,01-02-2020,43.74655172,12.57068966,34.82344828,0.493793103,7.524137931,28.11,94.96551724,Satisfactory
Hyderabad,01-03-2020,35.88483871,8.240322581,23.71967742,0.490645161,5.828387097,26.85193548,78.74193548,Satisfactory
Hyderabad,01-04-2020,30.01033333,7.852,22.405,0.476333333,5.885666667,28.03633333,65,Satisfactory
Hyderabad,01-05-2020,30.11774194,6.007096774,26.23483871,0.460645161,6.14483871,31.24451613,79.35483871,Satisfactory
Hyderabad,01-06-2020,18.63433333,6.046333333,21.728,0.311666667,6.520666667,18.5,47.06666667,Good
Hyderabad,01-07-2020,26.83,2.94,27.18,0.43,6.07,13.2,48,Good
Jaipur,01-01-2018,82.18645161,28.32,45.69935484,0.227741935,13.19225806,50.90064516,190.2903226,Moderate
Jaipur,01-02-2018,85.85285714,19.28892857,33.05214286,1.009642857,12.30714286,61.07464286,184.7857143,Moderate
Jaipur,01-03-2018,47.31645161,11.84677419,39.82967742,0.79483871,9.860322581,61.0383871,124.0322581,Moderate
Jaipur,01-04-2018,57.60766667,9.761333333,36.212,0.743,8.355666667,65.23433333,156.3,Moderate
Jaipur,01-05-2018,63.77645161,10.32967742,31.82741935,0.984516129,10.07387097,78.06,172.2258065,Moderate
Jaipur,01-06-2018,68.03633333,9.307,19.85333333,0.644,9.838333333,51.65433333,171.1666667,Moderate
Jaipur,01-07-2018,47.20322581,9.877741935,18.06354839,0.617096774,9.623225806,32.16322581,110.0322581,Moderate
Jaipur,01-08-2018,42.47548387,11.99096774,21.63032258,0.696451613,9.498709677,28.48225806,105,Moderate
Jaipur,01-09-2018,39.81533333,15.171,22.35633333,0.842333333,10.51266667,25.12866667,99,Satisfactory
Jaipur,01-10-2018,61.92225806,22.00612903,40.62645161,1.182580645,10.94935484,50.88,148.1290323,Moderate
Jaipur,01-11-2018,74.41366667,33.48733333,47.63833333,1.619333333,12.12833333,45.40333333,178.1333333,Moderate
Jaipur,01-12-2018,67.74903226,37.19096774,42.52032258,1.427096774,13.89096774,39.07129032,164.7419355,Moderate
Jaipur,01-01-2019,62.39935484,20.64129032,28.46,1.105806452,15.78129032,41.65258065,150.2903226,Moderate
Jaipur,01-02-2019,48.77571429,13.61785714,30.76857143,1.088214286,11.92178571,44.64821429,118.7142857,Moderate
Jaipur,01-03-2019,40.8416129,12.27741935,33.01774194,0.941612903,11.25032258,54.54032258,106.7741935,Moderate
Jaipur,01-04-2019,51.48,16.922,34.85166667,0.992666667,14.15766667,61.311,151,Moderate
Jaipur,01-05-2019,57.20064516,15.40677419,30.48032258,0.84516129,11.93064516,50.80516129,142.1612903,Moderate
Jaipur,01-06-2019,46.77766667,9.909666667,29.04366667,0.758666667,11.978,54.62433333,119.9666667,Moderate
Jaipur,01-07-2019,35.38806452,7.332903226,20.47419355,0.687096774,9.518387097,33.3116129,84.80645161,Satisfactory
Jaipur,01-08-2019,26.46290323,10.10935484,23.70387097,0.680645161,9.358709677,25.31870968,65.83870968,Satisfactory
Jaipur,01-09-2019,31.08166667,9.050666667,25.31966667,0.765666667,11.09766667,30.09666667,76.33333333,Satisfactory
Jaipur,01-10-2019,61.72032258,16.84548387,45.10225806,0.99483871,13.06677419,44.40096774,137.8064516,Moderate
Jaipur,01-11-2019,69.82766667,12.44333333,42.22866667,0.905,12.073,54.57266667,163.2,Moderate
Jaipur,01-12-2019,55.31612903,18.93129032,52.85645161,1.041935484,12.81129032,43.84193548,130,Moderate
Jaipur,01-01-2020,47.08870968,13.11258065,43.50580645,0.950645161,11.96419355,45.01516129,112.4516129,Moderate
Jaipur,01-02-2020,55.22827586,17.60310345,49.3437931,1.037586207,13.95931034,55.13517241,125.2413793,Moderate
Jaipur,01-03-2020,34.32354839,6.407419355,29.19483871,0.773548387,12.93225806,63.63709677,100.9354839,Moderate
Jaipur,01-04-2020,28.63133333,3.381,13.51433333,0.576666667,12.83066667,50.94233333,86.2,Satisfactory
Jaipur,01-05-2020,41.10709677,4.226129032,17.30129032,0.661290323,10.95516129,59.40645161,113.2580645,Moderate
Jaipur,01-06-2020,35.32133333,5.557,16.859,0.643,10.05433333,59.22633333,94.1,Satisfactory
Jaipur,01-07-2020,58.79,5.19,10.88,0.54,5.19,53.68,70,Satisfactory
Kochi,01-01-2020,60.737,73.893,60.823,1.349,8.035,12.213,156.1111111,Moderate
Kochi,01-02-2020,58.18137931,55.18448276,22.60068966,1.306551724,20.87137931,11.14931034,121.0689655,Moderate
Kochi,01-03-2020,36.49032258,127.7419355,4.1732,1.192580645,20.96741935,2.016129032,129.1666667,Moderate
Kochi,01-04-2020,19.66033333,68.56666667,4.302666667,0.952333333,16.76633333,1.291666667,77.03333333,Satisfactory
Kochi,01-05-2020,16.65967742,63.28677419,16.33225806,1.358064516,12.89451613,1.22,84.72413793,Satisfactory
Kochi,01-06-2020,18.44533333,41.12607143,10.85566667,1.637333333,19.715,1.105333333,93.86666667,Satisfactory
Kochi,01-07-2020,5.97,13.76,2.5,1.92,20.77,1.1,102,Moderate
Kolkata,01-04-2018,26.3875,3.7685,33.49047619,0.774285714,17.89,37.87,77.42857143,Satisfactory
Kolkata,01-05-2018,8.61,6.196842105,32.82736842,0,7.86,32.79,76,Satisfactory
Kolkata,01-06-2018,28.97722222,7.715882353,27.98823529,0.391666667,9.598235294,33.74125,75.33333333,Satisfactory
Kolkata,01-07-2018,22.62677419,7.045483871,29.96387097,0.55516129,2.229354839,17.32064516,51.61290323,Satisfactory
Kolkata,01-08-2018,21.25451613,7.510967742,30.65870968,1.234193548,1.769032258,11.89354839,70.32258065,Satisfactory
Kolkata,01-09-2018,38.48233333,10.457,34.07166667,1.341666667,3.292666667,20.26,83.06666667,Satisfactory
Kolkata,01-10-2018,68.92290323,48.34064516,49.2,1.738709677,7.449354839,32.02903226,163.0645161,Moderate
Kolkata,01-11-2018,141.5706667,62.527,62.98533333,1.338,12.81533333,36.70466667,283.6666667,Poor
Kolkata,01-12-2018,182.7209677,86.40032258,87.0183871,1.058387097,14.85258065,34.99483871,338.2580645,Very Poor
Kolkata,01-01-2019,202.1109677,103.3412903,105.7406452,1.320322581,17.41870968,29.52193548,360.8387097,Very Poor
Kolkata,01-02-2019,127.8735714,54.13571429,96.07857143,1.185714286,15.59571429,30.97142857,266.0714286,Poor
Kolkata,01-03-2019,72.31709677,18.0983871,67.84612903,0.775806452,10.99322581,34.33129032,157.7741935,Moderate
Kolkata,01-04-2019,42.204,4.728,31.136,0.501666667,6.096,28.733,86.8,Satisfactory
Kolkata,01-05-2019,43.31483871,3.930322581,15.85612903,0.478709677,2.15516129,27.21516129,88.5483871,Satisfactory
Kolkata,01-06-2019,32.21266667,8.428666667,18.37566667,0.433333333,2.477666667,32.07233333,71.63333333,Satisfactory
Kolkata,01-07-2019,27.50483871,8.08483871,19.54419355,0.48483871,5.34516129,27.49870968,61.93548387,Satisfactory
Kolkata,01-08-2019,22.89935484,11.15,21.02258065,0.510967742,3.627419355,17.96580645,54.06451613,Satisfactory
Kolkata,01-09-2019,16.15466667,9.043333333,16.712,0.437666667,4.131,19.44133333,46.36666667,Good
Kolkata,01-10-2019,57.56935484,17.35483871,30.00387097,0.751612903,6.438064516,30.46935484,125.516129,Moderate
Kolkata,01-11-2019,87.233,52.11433333,52.71233333,1.244,10.52566667,36.721,204.9333333,Poor
Kolkata,01-12-2019,91.12258065,39.44258065,48.92741935,1.182258065,13.27193548,35.05709677,208.9032258,Poor
Kolkata,01-01-2020,94.27967742,60.52870968,55.29548387,1.228064516,13.98096774,32.78096774,216.9354839,Poor
Kolkata,01-02-2020,84.14241379,46.11724138,60.07586207,0.872413793,14.95206897,39.73517241,197.7241379,Moderate
Kolkata,01-03-2020,51.49064516,13.4283871,29.44483871,0.685483871,11.49032258,50.06483871,122.8387097,Moderate
Kolkata,01-04-2020,24.42066667,4.402333333,10.04966667,0.383666667,7.916,46.572,70.36666667,Satisfactory
Kolkata,01-05-2020,16.10225806,3.496774194,7.378064516,0.333548387,5.644193548,33.56483871,53.16129032,Satisfactory
Kolkata,01-06-2020,13.643,4.928666667,10.373,0.363333333,6.506,25.99633333,46.46666667,Good
Kolkata,01-07-2020,10.53,6.25,10.01,0.3,4.32,15.52,45,Good
Lucknow,01-01-2018,220.853871,26.82677419,45.93032258,1.567741935,9.119677419,34.99064516,377.9677419,Very Poor
Lucknow,01-02-2018,163.8239286,24.21642857,36.545,1.016785714,13.96071429,45.59857143,317.7142857,Very Poor
Lucknow,01-03-2018,111.3080645,15.43548387,34.6416129,0.557741935,13.18225806,47.56580645,236.483871,Poor
Lucknow,01-04-2018,86.23033333,22.37566667,51.824,0.428666667,11.03833333,36.76966667,180.8333333,Moderate
Lucknow,01-05-2018,128.2448387,15.72096774,51.74322581,0.445806452,9.521290323,50.60035714,255.6451613,Poor
Lucknow,01-06-2018,83.98466667,7.799333333,27.293,0.756666667,8.807,19.75966667,174.9333333,Moderate
Lucknow,01-07-2018,38.54225806,11.89032258,27.7516129,0.922903226,6.73,33.90741935,97.41935484,Satisfactory
Lucknow,01-08-2018,48.76870968,12.25,29.61290323,0.788387097,7.437096774,13.43806452,100.0322581,Moderate
Lucknow,01-09-2018,49.23833333,8.254333333,25.916,0.998,4.662,19.386,107.6,Moderate
Lucknow,01-10-2018,123.3332258,25.83677419,49.82,1.28483871,6.844516129,30.29354839,264.6129032,Poor
Lucknow,01-11-2018,194.269,39.929,62.55833333,2.03,9.432,35.27433333,351.6,Very Poor
Lucknow,01-12-2018,184.6225806,32.07032258,56.49483871,1.712580645,8.675483871,27.01709677,344.6774194,Very Poor
Lucknow,01-01-2019,167.8396774,33.43903226,45.9716129,1.100967742,8.914193548,24.90774194,315.516129,Very Poor
Lucknow,01-02-2019,116.7875,21.25178571,42.00964286,1.144285714,7.726428571,24.36821429,243.0714286,Poor
Lucknow,01-03-2019,100.3816129,9.503225806,42.54193548,1.32516129,9.880645161,35.65064516,217.6451613,Poor
Lucknow,01-04-2019,103.104,8.738666667,40.79633333,1.392333333,8.022333333,41.08866667,217.7,Poor
Lucknow,01-05-2019,81.79096774,8.279032258,25.24548387,1.27483871,6.629354839,40.67774194,184.0967742,Moderate
Lucknow,01-06-2019,77.54733333,8.205,23.647,1.013333333,5.085,44.34266667,167.7,Moderate
Lucknow,01-07-2019,39.60580645,9.137096774,23.20677419,1.086129032,5.742258065,26.6616129,94.41935484,Satisfactory
Lucknow,01-08-2019,33.00806452,7.646129032,20.41677419,1.403870968,4.872258065,27.37903226,90.32258065,Satisfactory
Lucknow,01-09-2019,31.11466667,7.989666667,19.46766667,1.054,4.645666667,25.97166667,76.63333333,Satisfactory
Lucknow,01-10-2019,100.4087097,19.06064516,40.21870968,1.213225806,5.91516129,29.02870968,205.3870968,Poor
Lucknow,01-11-2019,176.6106667,24.08166667,55.19233333,1.273333333,11.29566667,42.11133333,329.3666667,Very Poor
Lucknow,01-12-2019,150.546129,22.50580645,44.55806452,1.469032258,13.43612903,24.54580645,292.1935484,Poor
Lucknow,01-01-2020,136.2774194,29.45516129,67.11677419,1.746774194,12.49935484,25.26516129,272.6451613,Poor
Lucknow,01-02-2020,102.9075862,16.95275862,44.88448276,1.34137931,8.035517241,32.04758621,216.6551724,Poor
Lucknow,01-03-2020,64.30129032,12.57129032,23.71903226,1.080645161,6.233548387,36.59741935,134,Moderate
Lucknow,01-04-2020,54.83066667,3.961666667,16.219,0.988,7.212666667,26.21666667,106.7333333,Moderate
Lucknow,01-05-2020,57.62322581,5.636129032,14.69903226,0.972580645,6.8,31.00258065,119.0967742,Moderate
Lucknow,01-06-2020,46.59466667,7.584666667,14.36033333,1.066,5.481333333,44.97133333,96.5,Satisfactory
Lucknow,01-07-2020,34.97,8.5,14.44,0.73,6.02,36.07,76,Satisfactory
Mumbai,01-05-2018,20.67307692,21.97277778,22.68333333,1.246923077,21.94730769,49.26461538,79.92,Satisfactory
Mumbai,01-06-2018,18.88566667,27.33615385,18.14384615,1.311333333,22.73033333,38.90133333,82.20689655,Satisfactory
Mumbai,01-07-2018,16.37366667,15.75,17.63580645,1.206774194,13.09433333,25.69466667,69.17241379,Satisfactory
Mumbai,01-08-2018,21.90032258,15.00548387,24.65419355,1.177419355,12.70580645,39.48451613,74.80645161,Satisfactory
Mumbai,01-09-2018,28.95333333,28.41233333,26.331,1.497333333,14.89566667,39.23,87.23333333,Satisfactory
Mumbai,01-10-2018,45.89655172,36.74413793,28.11724138,1.977241379,18.76896552,47.86275862,122.4615385,Moderate
Mumbai,01-11-2018,60.66214286,58.70714286,47.89821429,2.471071429,22.3725,58.49571429,155.4615385,Moderate
Mumbai,01-12-2018,65.22580645,49.58548387,56.19741935,2.164193548,21.63806452,49.48419355,153,Moderate
Mumbai,01-01-2019,65.84096774,55.53689655,51.28344828,2.632903226,23.84677419,52.36483871,165.516129,Moderate
Mumbai,01-02-2019,54.66285714,51.9824,28.9408,2.273571429,18.03178571,61.82357143,149.8214286,Moderate
Mumbai,01-03-2019,30.41064516,48.47451613,15.47548387,1.784,10.66193548,61.46935484,123.483871,Moderate
Mumbai,01-04-2019,20.56966667,37.14233333,22.57366667,1.809,22.82433333,23.90433333,98.06666667,Satisfactory
Mumbai,01-05-2019,15.49225806,29.9716129,13.64709677,1.663225806,18.58354839,18.97483871,87.87096774,Satisfactory
Mumbai,01-06-2019,14.686,23.54633333,13.37366667,0.621666667,10.60633333,17.215,72,Satisfactory
Mumbai,01-07-2019,12.40516129,25.2283871,12.83580645,0.475483871,9.362258065,14.10967742,65.4516129,Satisfactory
Mumbai,01-08-2019,13.2083871,21.75322581,9.908387097,0.506451613,9.518709677,11.24096774,63.70967742,Satisfactory
Mumbai,01-09-2019,12.33166667,19.70866667,14.172,0.560333333,10.267,9.615,58.06666667,Satisfactory
Mumbai,01-10-2019,35.19193548,25.15193548,24.89935484,0.958064516,11.36,17.88064516,94.74193548,Satisfactory
Mumbai,01-11-2019,61.127,21.08033333,38.893,0.952333333,13.62766667,26.558,136.2333333,Moderate
Mumbai,01-12-2019,81.86870968,26.75225806,39.74870968,1.090645161,11.83096774,33.22387097,182.3225806,Moderate
Mumbai,01-01-2020,72.87064516,31.4,38.96483871,1.024193548,8.964516129,38.77258065,168.6451613,Moderate
Mumbai,01-02-2020,66.96758621,33.94068966,47.78137931,1.046896552,10.51586207,42.95413793,159.2068966,Moderate
Mumbai,01-03-2020,32.71580645,21.34774194,23.56322581,0.605483871,11.10290323,30.84645161,104.6451613,Moderate
Mumbai,01-04-2020,22.84966667,13.80866667,7.757,0.451,8.885666667,21.82666667,74.33333333,Satisfactory
Mumbai,01-05-2020,14.67612903,19.27290323,7.77516129,0.286451613,16.17870968,18.59290323,63.93548387,Satisfactory
Mumbai,01-06-2020,11.241,18.79166667,11.685,0.368,10.26033333,12.303,53.3,Satisfactory
Mumbai,01-07-2020,3.84,27.64,5.57,0.37,13.18,6.68,53,Satisfactory
Patna,01-01-2018,213.7919355,37.81032258,54.16967742,2.447419355,47.54935484,36.86870968,368.7,Very Poor
Patna,01-02-2018,148.9832143,12.75928571,31.69892857,1.605357143,37.12035714,54.98642857,310.4074074,Very Poor
Patna,01-03-2018,119.5535484,12.01774194,34.66935484,1.598709677,43.65516129,76.004,272.3225806,Poor
Patna,01-04-2018,89.746,10.43066667,29.401,1.194333333,49.221,78.06,202.4,Poor
Patna,01-05-2018,70.84322581,11.52645161,47.99967742,1.098709677,43.25193548,80.97032258,169.1290323,Moderate
Patna,01-06-2018,66.68366667,12.831,72.29655172,0.938666667,37.95206897,72.19,147.4666667,Moderate
Patna,01-07-2018,44.32064516,18.41677419,68.3916129,0.991612903,50.35290323,59.13580645,95.12903226,Satisfactory
Patna,01-08-2018,53.44096774,25.51612903,67.09548387,1.295483871,20.96258065,45.7183871,103.7096774,Moderate
Patna,01-09-2018,63.26233333,14.73166667,56.863,0.840333333,25.29233333,68.319,123.6551724,Moderate
Patna,01-10-2018,108.0551613,15.14548387,34.33354839,1.640645161,28.06870968,76.53935484,249.9032258,Poor
Patna,01-11-2018,208.7776667,19.249,17.22733333,2.293666667,34.22433333,74.29133333,367.2,Very Poor
Patna,01-12-2018,262.2212903,24.1616129,34.35483871,2.390967742,33.12322581,48.86333333,406.8666667,Severe
Patna,01-01-2019,261.4625806,31.2916129,41.14677419,1.865806452,36.20870968,46.65612903,405.2903226,Severe
Patna,01-02-2019,141.5335714,21.2125,44.19714286,1.650357143,40.10964286,56.64535714,296.1071429,Poor
Patna,01-03-2019,86.82290323,15.60258065,52.19258065,1.623870968,40.3083871,79.34903226,214.0322581,Poor
Patna,01-04-2019,54.205,14.70366667,47.67433333,1.210333333,44.245,82.42466667,151.1,Moderate
Patna,01-05-2019,56.43806452,9.406129032,9.888387097,1.338064516,39.93516129,80.61193548,170.8064516,Moderate
Patna,01-06-2019,45.37266667,10.66766667,43.429,1.257333333,41.996,78.87166667,136.3448276,Moderate
Patna,01-07-2019,32.18677419,13.45129032,40.1683871,1.27516129,43.28096774,45.95741935,95.58064516,Satisfactory
Patna,01-08-2019,34.39193548,17.48870968,37.90451613,1.582580645,48.91677419,58.80129032,110.0333333,Moderate
Patna,01-09-2019,39.499,26.15066667,61.39533333,1.291333333,49.10766667,88.94444444,107.0666667,Moderate
Patna,01-10-2019,101.93,15.995,34.65366667,1.700333333,58.63233333,54.7247619,211.2222222,Poor
Patna,01-11-2019,201.811,45.76066667,61.57033333,1.931,44.69533333,59.49433333,362.1333333,Very Poor
Patna,01-12-2019,197.783871,31.00518519,33.61333333,1.968387097,10.77193548,19.96129032,356.1290323,Very Poor
Patna,01-01-2020,125.8787097,56.87258065,34.86129032,1.933870968,9.718064516,15.66806452,262.8387097,Poor
Patna,01-02-2020,84.84896552,67.01206897,51.44965517,1.166551724,8.400344828,16.75827586,201.2068966,Poor
Patna,01-03-2020,64.32064516,53.26806452,51.60645161,1.272258065,10.96,21.11645161,158.4193548,Moderate
Patna,01-04-2020,39.32333333,59.97266667,26.36266667,1.182666667,10.60866667,29,131.1666667,Moderate
Patna,01-05-2020,31.66806452,61.2083871,19.07741935,0.535806452,8.275806452,42.50354839,138.516129,Moderate
Patna,01-06-2020,22.27466667,40.83,22.46066667,0.709,3.731666667,24.31633333,82.36666667,Satisfactory
Patna,01-07-2020,35.42,44.5,31.15,0.82,3.99,25.76,98,Satisfactory
Shillong,01-08-2019,19.924,1.302,3.524,0.316,5.564,28.982,36,Good
Shillong,01-09-2019,79.18733333,1.282,3.601666667,0.278333333,5.439,28.44,40.88888889,Good
Shillong,01-10-2019,19.663,1.1455,3.55,0.3544,6.1908,41.18,54,Satisfactory
Shillong,01-11-2019,11.41777778,0.604,1.891,0.156,4.316,18.037,29.14285714,Good
Shillong,01-12-2019,9.376896552,0.605483871,1.906451613,0.189032258,4.649032258,24.44774194,48.88095238,Good
Shillong,01-01-2020,31.64482759,0.763225806,2.462903226,0.318709677,6.962580645,34.76387097,68.61904762,Satisfactory
Shillong,01-02-2020,48.66851852,0.86962963,2.955555556,0.407777778,7.927777778,42.42703704,93.57692308,Satisfactory
Shillong,01-03-2020,35.99870968,0.881290323,2.635806452,0.265483871,5.367741935,30.48,67.87096774,Satisfactory
Shillong,01-04-2020,30.162,0.882,2.56,0.033076923,8.124,21.132,75.75,Satisfactory
Shillong,01-05-2020,15.96387097,0.907741935,2.588709677,0.174516129,7.854516129,11.27866667,32.4516129,Good
Shillong,01-06-2020,11.35896552,1.017931034,2.834482759,0.161724138,9.599655172,18.17142857,32.67857143,Good
Shillong,01-07-2020,16.7,0.97,2.7,0.1,4.29,17.71,24,Good
Thiruvananthapuram,01-01-2018,67.95516129,1.847741935,14.36774194,1.361935484,6.308709677,54.16129032,137.2580645,Moderate
Thiruvananthapuram,01-02-2018,49.18851852,1.709259259,16.85074074,0.981111111,7.662962963,54.58962963,95.46153846,Satisfactory
Thiruvananthapuram,01-03-2018,37.95677419,1.66483871,13.20677419,1.214193548,6.848064516,43.05967742,85.41935484,Satisfactory
Thiruvananthapuram,01-04-2018,26.426,2.428666667,12.05733333,0.921,6.626666667,42.979,79.17241379,Satisfactory
Thiruvananthapuram,01-05-2018,18.99096774,3.019032258,10.54612903,0.889354839,5.800322581,40.62,64.22580645,Satisfactory
Thiruvananthapuram,01-06-2018,14.54966667,3.101666667,11.115,0.808333333,5.662666667,26.41733333,55.5,Satisfactory
Thiruvananthapuram,01-07-2018,15.33133333,3.021290323,8.383870968,0.801612903,6.006129032,30.63419355,53.41935484,Satisfactory
Thiruvananthapuram,01-08-2018,12.80516129,2.893870968,6.025483871,1.255483871,5.66483871,30.78548387,76.64516129,Satisfactory
Thiruvananthapuram,01-09-2018,20.41758621,2.870689655,7.056896552,0.840344828,5.964827586,37.38758621,59.82758621,Satisfactory
Thiruvananthapuram,01-10-2018,28.35032258,2.948387097,7.567419355,1.065806452,5.653225806,12.01709677,71.74193548,Satisfactory
Thiruvananthapuram,01-11-2018,44.80633333,4.071,7.146,1.354666667,7.999,44.11833333,97.2,Satisfactory
Thiruvananthapuram,01-12-2018,57.57,3.445483871,7.548064516,2.611935484,13.30290323,51.63225806,125.3548387,Moderate
Thiruvananthapuram,01-01-2019,60.03741935,2.028709677,9.637741935,0.468387097,16.39387097,74.23967742,128.1612903,Moderate
Thiruvananthapuram,01-02-2019,37.80571429,0.957857143,7.821428571,0.7425,5.244642857,62.80464286,88.42857143,Satisfactory
Thiruvananthapuram,01-03-2019,34.89483871,0.901935484,5.814193548,0.745806452,4.07,60.96870968,88.83870968,Satisfactory
Thiruvananthapuram,01-04-2019,25.83137931,1.285666667,5.488333333,0.866333333,2.011,48.46966667,69.93333333,Satisfactory
Thiruvananthapuram,01-05-2019,22.85677419,1.387419355,4.995483871,0.966129032,2.987741935,38.2516129,75.41935484,Satisfactory
Thiruvananthapuram,01-06-2019,13.32473684,0.894347826,2.891304348,0.571304348,2.017826087,22.34304348,49.88235294,Good
Thiruvananthapuram,01-07-2019,11.94516129,1.010645161,3.653225806,0.79,1.243548387,23.50387097,56.96774194,Satisfactory
Thiruvananthapuram,01-08-2019,12.20064516,0.971935484,3.599354839,0.662580645,1.303870968,25.91580645,51.87096774,Satisfactory
Thiruvananthapuram,01-09-2019,13.058,0.926666667,3.415666667,0.956333333,1.229,21.277,60.48275862,Satisfactory
Thiruvananthapuram,01-10-2019,16.41413793,0.770322581,3.640967742,0.921935484,1.258064516,27.50258065,63.4516129,Satisfactory
Thiruvananthapuram,01-11-2019,21.74533333,4.849,10.583,1.350666667,8.703333333,31.136,78.86666667,Satisfactory
Thiruvananthapuram,01-12-2019,29.80903226,11.73,22.01290323,1.477419355,9.243225806,38.84741935,90.67741935,Satisfactory
Thiruvananthapuram,01-01-2020,35.93903226,10.10903226,23.44451613,0.993870968,8.728387097,44.5116129,78.25806452,Satisfactory
Thiruvananthapuram,01-02-2020,41.40793103,8.508275862,22.52310345,0.962068966,7.530344828,49.77448276,88.62068966,Satisfactory
Thiruvananthapuram,01-03-2020,28.81516129,7.213870968,14.76612903,1.029677419,6.283225806,40.86322581,74.74193548,Satisfactory
Thiruvananthapuram,01-04-2020,18.98733333,5.386333333,7.879666667,0.482,5.597666667,37.93966667,57.06666667,Satisfactory
Thiruvananthapuram,01-05-2020,16.65516129,11.60806452,10.10677419,0.517741935,5.679354839,32.34322581,55.96774194,Satisfactory
Thiruvananthapuram,01-06-2020,20.57933333,8.382333333,11.16966667,0.505333333,6.312666667,21.13366667,45.4,Good
Thiruvananthapuram,01-07-2020,2,1.68,2.3,0.42,6.15,22.1,41,Good
Visakhapatnam,01-01-2018,98.79214286,26.73214286,56.44392857,1.374285714,13.78285714,60.95071429,223.5555556,Poor
Visakhapatnam,01-02-2018,67.35178571,19.5175,44.75961538,0.808928571,12.30321429,40.60357143,151.3928571,Moderate
Visakhapatnam,01-03-2018,51.62064516,8.831935484,43.01774194,0.722903226,15.8583871,29.4983871,115.9032258,Moderate
Visakhapatnam,01-04-2018,24.72233333,9.509,28.729,0.550666667,13.927,20.475,75.24137931,Satisfactory
Visakhapatnam,01-05-2018,21.32064516,9.49516129,29.57193548,0.458064516,10.34096774,19.59,78.57142857,Satisfactory
Visakhapatnam,01-06-2018,35.1725,5.179642857,42.03142857,0.5275,13.38857143,32.16428571,102.4166667,Moderate
Visakhapatnam,01-07-2018,33.46774194,11.39225806,39.06,0.53516129,12.61483871,14.45419355,91.5,Satisfactory
Visakhapatnam,01-08-2018,39.71703704,16.0275,40.79107143,0.744137931,9.996896552,13.66928571,97,Satisfactory
Visakhapatnam,01-09-2018,44.924,13.96266667,37.444,0.829333333,5.774333333,22.65233333,104.7333333,Moderate
Visakhapatnam,01-10-2018,63.62774194,12.09096774,42.41709677,0.671935484,9.024516129,53.133,141.6129032,Moderate
Visakhapatnam,01-11-2018,55.07047619,8.845238095,24.3947619,0.688571429,7.53,62.89333333,120.9,Moderate
Visakhapatnam,01-12-2018,74.93724138,7.934482759,36.78517241,0.762222222,9.121153846,99.76172414,173.1538462,Moderate
Visakhapatnam,01-01-2019,115.372,18.51096774,61.67548387,1.102258065,19.30129032,79.95290323,263.1290323,Poor
Visakhapatnam,01-02-2019,68.035,18.89730769,46.52730769,0.921538462,12.53,40.74730769,152.3076923,Moderate
Visakhapatnam,01-03-2019,30.66741935,12.58677419,34.3616129,0.722258065,12.99451613,16.40935484,93.03333333,Satisfactory
Visakhapatnam,01-04-2019,27.31137931,14.70758621,29.71482759,0.772758621,8.153448276,10.45655172,92.82758621,Satisfactory
Visakhapatnam,01-05-2019,41.54870968,8.659677419,29.76451613,0.829354839,8.265806452,20.95354839,123.9333333,Moderate
Visakhapatnam,01-06-2019,38.83482759,9.409333333,42.55333333,0.818333333,12.21333333,21.34433333,104.2333333,Moderate
Visakhapatnam,01-07-2019,30.80806452,13.19645161,38.68967742,0.739032258,11.81548387,10.80354839,94.21428571,Satisfactory
Visakhapatnam,01-08-2019,33.40607143,13.50178571,24.31785714,0.890714286,12.07464286,11.97678571,94.48148148,Satisfactory
Visakhapatnam,01-09-2019,24.545,21.23115385,31.315,0.857307692,14.13576923,21.36307692,80.91666667,Satisfactory
Visakhapatnam,01-10-2019,30.82741935,19.78580645,38.47709677,0.816774194,23.62935484,27.19225806,95.74074074,Satisfactory
Visakhapatnam,01-11-2019,71.376,10.178,41.026,0.925666667,12.022,64.62566667,151.6206897,Moderate
Visakhapatnam,01-12-2019,55.22935484,8.534516129,33.21548387,0.975806452,8.111290323,66.82483871,117.8666667,Moderate
Visakhapatnam,01-01-2020,59.5316129,10.40935484,35.17580645,1.101935484,9.43,48.81451613,124.5,Moderate
Visakhapatnam,01-02-2020,45.02275862,5.546206897,34.58827586,1.015172414,6.508965517,29.58344828,97.75,Satisfactory
Visakhapatnam,01-03-2020,29.25322581,5.600967742,29.9,0.719354839,9.445806452,22.14064516,85.1,Satisfactory
Visakhapatnam,01-04-2020,16.665,11.4475,28.03392857,0.11,6.618928571,14.84464286,54.32142857,Satisfactory
Visakhapatnam,01-05-2020,17.79580645,2.625806452,22.3316129,0.196774194,8.27483871,21.93806452,64.90322581,Satisfactory
Visakhapatnam,01-06-2020,23.42166667,4.727666667,35.65733333,0.639666667,8.837,28.859,82.2,Satisfactory
Visakhapatnam,01-07-2020,15,0.4,26.85,0.59,2.1,17.05,50,Good
